season,yr,mnth,holiday,weekday,workingday,weathersit,temp,hum,windspeed,casual,registered,cnt,days_since_01_01_2011
1,0,1,0,6,0,2,8.175849,0.805833,0.160446,331,654,985,0
1,0,1,0,0,0,2,9.083466,0.696087,0.248539,131,670,801,1
1,0,1,0,1,1,1,1.229108,0.437273,0.248309,120,1229,1349,2
1,0,1,0,2,1,1,1.4000000000000004,0.590435,0.160296,108,1454,1562,3
1,0,1,0,3,1,1,2.6669789999999995,0.436957,0.1869,82,1518,1600,4
1,0,1,0,4,1,1,1.6043559999999992,0.518261,0.0895652,88,1518,1606,5
1,0,1,0,5,1,2,1.236534000000001,0.498696,0.168726,148,1362,1510,6
1,0,1,0,6,0,2,-0.2449999999999992,0.535833,0.266804,68,891,959,7
1,0,1,0,0,0,1,-1.4983489999999993,0.434167,0.36195,54,768,822,8
1,0,1,0,1,1,1,-0.9108490000000008,0.482917,0.223267,41,1280,1321,9
1,0,1,0,2,1,2,-0.0527230000000003,0.686364,0.122132,43,1220,1263,10
1,0,1,0,3,1,1,0.1181689999999999,0.599545,0.304627,25,1137,1162,11
1,0,1,0,4,1,1,-0.2449999999999992,0.470417,0.301,38,1368,1406,12
1,0,1,0,5,1,1,-0.4391099999999994,0.537826,0.126548,54,1367,1421,13
1,0,1,0,6,0,2,2.9666510000000006,0.49875,0.157963,222,1026,1248,14
1,0,1,0,0,0,1,2.888349,0.48375,0.188433,251,953,1204,15
1,0,1,1,1,0,2,0.264151,0.5375,0.194017,117,883,1000,16
1,0,1,0,2,1,2,2.183349,0.861667,0.146775,9,674,683,17
1,0,1,0,3,1,2,5.732177999999999,0.741739,0.208317,78,1572,1650,18
1,0,1,0,4,1,2,4.298349,0.538333,0.195904,83,1844,1927,19
1,0,1,0,5,1,1,0.3424999999999993,0.457083,0.353242,75,1468,1543,20
1,0,1,0,6,0,1,-5.2208712,0.4,0.17197,93,888,981,21
1,0,1,0,0,0,1,-3.4634801,0.436522,0.2466,150,836,986,22
1,0,1,0,1,1,1,-3.4226089,0.491739,0.15833,86,1330,1416,23
1,0,1,0,2,1,2,2.5034660000000013,0.616957,0.129796,186,1799,1985,24
1,0,1,0,3,1,3,2.2225,0.8625,0.29385,34,472,506,25
1,0,1,0,4,1,1,1.165000000000001,0.6875,0.113837,15,416,431,26
1,0,1,0,5,1,2,1.563466,0.793043,0.1233,38,1129,1167,27
1,0,1,0,6,0,1,1.236534000000001,0.651739,0.145365,123,975,1098,28
1,0,1,0,0,0,1,2.176534,0.722174,0.0739826,140,956,1096,29
1,0,1,0,1,1,2,0.4991509999999994,0.60375,0.187192,42,1459,1501,30
1,0,2,0,2,1,2,1.032178,0.829565,0.053213,47,1313,1360,31
1,0,2,0,3,1,2,4.220000000000001,0.775417,0.264308,72,1454,1526,32
1,0,2,0,4,1,1,0.7869790000000005,0.437826,0.277752,61,1489,1550,33
1,0,2,0,5,1,2,1.9312880000000003,0.585217,0.127839,88,1620,1708,34
1,0,2,0,6,0,2,2.9666510000000006,0.929167,0.161079,100,905,1005,35
1,0,2,0,0,0,1,5.434151,0.568333,0.1418,354,1269,1623,36
1,0,2,0,1,1,1,4.768348999999999,0.738333,0.0454083,120,1592,1712,37
1,0,2,0,2,1,1,2.379151,0.537917,0.36195,64,1466,1530,38
1,0,2,0,3,1,2,-1.6651990000000003,0.494783,0.188839,53,1552,1605,39
1,0,2,0,4,1,1,-1.2156440000000002,0.437391,0.221935,47,1491,1538,40
1,0,2,0,5,1,1,0.887277000000001,0.506364,0.10855,149,1597,1746,41
1,0,2,0,6,0,1,2.4575,0.544167,0.203367,288,1184,1472,42
1,0,2,0,0,0,1,6.876534000000001,0.457391,0.260883,397,1192,1589,43
1,0,2,0,1,1,1,11.505,0.375833,0.417908,208,1705,1913,44
1,0,2,0,2,1,1,4.506089000000001,0.314348,0.291374,140,1675,1815,45
1,0,2,0,3,1,1,6.958267000000001,0.423478,0.251791,218,1897,2115,46
1,0,2,0,4,1,1,12.484151,0.505,0.230104,259,2216,2475,47
1,0,2,0,5,1,1,16.518349,0.516667,0.264925,579,2348,2927,48
1,0,2,0,6,0,1,10.760849,0.187917,0.507463,532,1103,1635,49
1,0,2,0,0,0,1,5.405199,0.407826,0.223235,639,1173,1812,50
1,0,2,1,1,0,2,6.2566510000000015,0.605,0.307846,195,912,1107,51
1,0,2,0,2,1,1,0.5644340000000003,0.577778,0.195683,74,1376,1450,52
1,0,2,0,3,1,1,2.421733,0.423043,0.094113,139,1778,1917,53
1,0,2,0,4,1,2,5.895644000000001,0.697391,0.250496,100,1707,1807,54
1,0,2,0,5,1,2,9.124356,0.712174,0.346539,120,1341,1461,55
1,0,2,0,6,0,1,5.277499999999998,0.537917,0.186571,424,1545,1969,56
1,0,2,0,0,0,1,8.143466,0.68,0.125248,694,1708,2402,57
1,0,2,0,1,1,2,11.141831,0.876364,0.289686,81,1365,1446,58
1,0,3,0,2,1,1,4.533348999999999,0.535,0.216425,137,1714,1851,59
1,0,3,0,3,1,1,7.745000000000001,0.449583,0.307833,231,1903,2134,60
1,0,3,0,4,1,1,1.321651000000001,0.318333,0.225754,123,1562,1685,61
1,0,3,0,5,1,2,4.298349,0.610417,0.203346,214,1730,1944,62
1,0,3,0,6,0,2,10.055848999999998,0.789167,0.251871,640,1437,2077,63
1,0,3,0,0,0,2,9.696534,0.948261,0.343287,114,491,605,64
1,0,3,0,1,1,1,4.3017330000000005,0.551304,0.341352,244,1628,1872,65
1,0,3,0,2,1,1,5.747499999999999,0.420833,0.12065,316,1817,2133,66
1,0,3,0,3,1,2,5.904151000000001,0.775417,0.22015,191,1700,1891,67
1,0,3,0,4,1,3,10.287277,0.0,0.261877,46,577,623,68
1,0,3,0,5,1,2,6.876534000000001,0.649565,0.23297,247,1730,1977,69
1,0,3,0,6,0,1,7.470848999999999,0.594583,0.220775,724,1408,2132,70
1,0,3,0,0,0,1,10.064356,0.527391,0.270604,982,1435,2417,71
1,0,3,0,1,1,1,7.285198999999999,0.496957,0.136926,359,1687,2046,72
1,0,3,0,2,1,2,6.917376999999998,0.655652,0.184309,289,1767,2056,73
1,0,3,0,3,1,2,9.165199,0.776522,0.203117,321,1871,2192,74
1,0,3,0,4,1,1,11.505,0.602917,0.209579,424,2320,2744,75
1,0,3,0,5,1,1,17.380000000000003,0.525217,0.231017,884,2355,3239,76
1,0,3,0,6,0,1,14.2075,0.379167,0.368167,1424,1693,3117,77
1,0,3,0,0,0,1,7.627500000000001,0.47375,0.207721,1047,1424,2471,78
2,0,3,0,1,1,2,12.230445,0.737391,0.288783,401,1676,2077,79
2,0,3,0,2,1,1,12.758349,0.624583,0.22575,460,2243,2703,80
2,0,3,0,3,1,2,8.306979000000002,0.839565,0.234261,203,1918,2121,81
2,0,3,0,4,1,2,5.395,0.805833,0.243787,166,1699,1865,82
2,0,3,0,5,1,1,4.415849,0.495,0.230725,300,1910,2210,83
2,0,3,0,6,0,1,4.494150999999999,0.394167,0.209571,981,1515,2496,84
2,0,3,0,0,0,2,3.893021000000001,0.493913,0.1843,472,1221,1693,85
2,0,3,0,1,1,1,4.424356000000001,0.302174,0.212204,222,1806,2028,86
2,0,3,0,2,1,1,6.217499999999999,0.314167,0.226996,317,2108,2425,87
2,0,3,0,3,1,2,6.1,0.646667,0.172888,168,1368,1536,88
2,0,3,0,4,1,3,4.611651,0.918333,0.217646,179,1506,1685,89
2,0,4,0,5,1,2,6.1,0.68625,0.258708,307,1920,2227,90
2,0,4,0,6,0,2,6.805,0.65375,0.197146,898,1354,2252,91
2,0,4,0,0,0,1,9.781651,0.48,0.182213,1651,1598,3249,92
2,0,4,0,1,1,1,18.946651,0.42625,0.385571,734,2381,3115,93
2,0,4,0,2,1,2,11.465849,0.642083,0.388067,167,1628,1795,94
2,0,4,0,3,1,1,10.369151,0.470833,0.263063,413,2395,2808,95
2,0,4,0,4,1,1,12.5625,0.602917,0.162312,571,2570,3141,96
2,0,4,0,5,1,2,7.784151,0.83625,0.226992,172,1299,1471,97
2,0,4,0,6,0,2,8.0975,0.8775,0.133083,879,1576,2455,98
2,0,4,0,0,0,2,12.053349,0.8575,0.146767,1188,1707,2895,99
2,0,4,0,1,1,2,19.995644,0.716956,0.324474,855,2493,3348,100
2,0,4,0,2,1,2,15.617499999999996,0.739167,0.274879,257,1777,2034,101
2,0,4,0,3,1,2,11.3875,0.819167,0.250617,209,1953,2162,102
2,0,4,0,4,1,1,13.9725,0.540417,0.1107,529,2738,3267,103
2,0,4,1,5,0,1,12.993348999999998,0.67125,0.226375,642,2484,3126,104
2,0,4,0,6,0,3,12.249151,0.888333,0.340808,121,674,795,105
2,0,4,0,0,0,1,13.463349,0.479583,0.303496,1558,2186,3744,106
2,0,4,0,1,1,1,16.0875,0.5425,0.163567,669,2760,3429,107
2,0,4,0,2,1,2,15.774151,0.665833,0.157971,409,2795,3204,108
2,0,4,0,3,1,1,19.965,0.614167,0.241925,613,3331,3944,109
2,0,4,0,4,1,1,13.580849,0.407083,0.325258,745,3444,4189,110
2,0,4,0,5,1,2,7.823349,0.729583,0.219521,177,1506,1683,111
2,0,4,0,6,0,2,13.62,0.887917,0.230725,1462,2574,4036,112
2,0,4,0,0,0,2,19.338349,0.810833,0.192175,1710,2481,4191,113
2,0,4,0,1,1,1,20.513349,0.776667,0.185333,773,3300,4073,114
2,0,4,0,2,1,1,21.688349,0.729167,0.3265,678,3722,4400,115
2,0,4,0,3,1,2,21.14,0.835417,0.3122,547,3325,3872,116
2,0,4,0,4,1,2,21.0225,0.700833,0.320908,569,3489,4058,117
2,0,4,0,5,1,1,15.97,0.457083,0.240063,878,3717,4595,118
2,0,4,0,6,0,1,14.2075,0.503333,0.235075,1965,3347,5312,119
2,0,5,0,0,0,2,13.228348999999998,0.762083,0.106354,1138,2213,3351,120
2,0,5,0,1,1,2,17.810848999999997,0.73,0.183454,847,3554,4401,121
2,0,5,0,2,1,2,20.983349,0.697083,0.342667,603,3848,4451,122
2,0,5,0,3,1,2,11.465849,0.737083,0.328996,255,2378,2633,123
2,0,5,0,4,1,1,13.580849,0.444167,0.295392,614,3819,4433,124
2,0,5,0,5,1,1,14.520849000000002,0.59,0.228246,894,3714,4608,125
2,0,5,0,6,0,1,16.44,0.54125,0.16045,1612,3102,4714,126
2,0,5,0,0,0,1,16.831651,0.631667,0.0746375,1401,2932,4333,127
2,0,5,0,1,1,1,17.0275,0.58875,0.176,664,3698,4362,128
2,0,5,0,2,1,1,17.0275,0.489167,0.115671,694,4109,4803,129
2,0,5,0,3,1,1,17.4975,0.632917,0.120642,550,3632,4182,130
2,0,5,0,4,1,1,17.145000000000003,0.7475,0.189667,695,4169,4864,131
2,0,5,0,5,1,2,16.0875,0.863333,0.179725,692,3413,4105,132
2,0,5,0,6,0,2,16.479150999999998,0.9225,0.13495,902,2507,3409,133
2,0,5,0,0,0,2,18.4375,0.867083,0.152979,1582,2971,4553,134
2,0,5,0,1,1,1,19.1425,0.787917,0.126871,773,3185,3958,135
2,0,5,0,2,1,2,18.398349,0.837917,0.277354,678,3445,4123,136
2,0,5,0,3,1,2,17.85,0.87,0.201492,536,3319,3855,137
2,0,5,0,4,1,2,16.949151,0.829583,0.108213,735,3840,4575,138
2,0,5,0,5,1,1,17.223349,0.719583,0.125013,909,4008,4917,139
2,0,5,0,6,0,1,20.317500000000003,0.626667,0.12065,2258,3547,5805,140
2,0,5,0,0,0,1,20.395849,0.749583,0.148008,1576,3084,4660,141
2,0,5,0,1,1,2,21.688349,0.81,0.233842,836,3438,4274,142
2,0,5,0,2,1,2,23.020000000000003,0.740833,0.207092,659,3833,4492,143
2,0,5,0,3,1,1,23.059151,0.69625,0.154233,740,4238,4978,144
2,0,5,0,4,1,1,25.291651,0.6775,0.199642,758,3919,4677,145
2,0,5,0,5,1,1,24.038349000000004,0.65375,0.240679,871,3808,4679,146
2,0,5,0,6,0,1,22.824151,0.729583,0.230092,2001,2757,4758,147
2,0,5,0,0,0,1,23.3725,0.81875,0.213938,2355,2433,4788,148
2,0,5,1,1,0,1,26.466651,0.685,0.131225,1549,2549,4098,149
2,0,5,0,2,1,1,28.425000000000004,0.636667,0.111329,673,3309,3982,150
2,0,6,0,3,1,2,27.915849,0.677083,0.207092,513,3461,3974,151
2,0,6,0,4,1,1,25.605,0.305,0.292287,736,4232,4968,152
2,0,6,0,5,1,1,21.14,0.354167,0.253121,898,4414,5312,153
2,0,6,0,6,0,1,21.845,0.45625,0.123142,1869,3473,5342,154
2,0,6,0,0,0,2,22.471651,0.6525,0.138692,1685,3221,4906,155
2,0,6,0,1,1,1,23.881651,0.6,0.121896,673,3875,4548,156
2,0,6,0,2,1,1,25.2525,0.597917,0.187808,763,4070,4833,157
2,0,6,0,3,1,1,28.464151,0.622083,0.136817,676,3725,4401,158
2,0,6,0,4,1,2,29.991651,0.568333,0.149883,563,3352,3915,159
2,0,6,0,5,1,1,27.485,0.605,0.140554,815,3771,4586,160
2,0,6,0,6,0,1,26.075,0.654583,0.15485,1729,3237,4966,161
2,0,6,0,0,0,1,24.5475,0.747917,0.163567,1467,2993,4460,162
2,0,6,0,1,1,1,21.845,0.494583,0.30535,863,4157,5020,163
2,0,6,0,2,1,1,20.395849,0.507083,0.269283,727,4164,4891,164
2,0,6,0,3,1,1,21.453349,0.471667,0.167912,769,4411,5180,165
2,0,6,0,4,1,2,21.531651,0.688333,0.206471,545,3222,3767,166
2,0,6,0,5,1,1,22.510849000000004,0.735833,0.143029,863,3981,4844,167
2,0,6,0,6,0,1,24.743349,0.670417,0.119408,1807,3312,5119,168
2,0,6,0,0,0,2,24.860849,0.666667,0.102,1639,3105,4744,169
2,0,6,0,1,1,2,21.845,0.74625,0.155475,699,3311,4010,170
3,0,6,0,2,1,2,23.999151,0.770417,0.171025,774,4061,4835,171
3,0,6,0,3,1,1,26.466651,0.7075,0.172262,661,3846,4507,172
3,0,6,0,4,1,2,26.231651,0.703333,0.238804,746,4044,4790,173
3,0,6,0,5,1,1,26.035849,0.573333,0.222025,969,4022,4991,174
3,0,6,0,6,0,1,24.665,0.483333,0.209571,1782,3420,5202,175
3,0,6,0,0,0,1,23.96,0.513333,0.0945333,1920,3385,5305,176
3,0,6,0,1,1,2,24.0775,0.658333,0.107588,854,3854,4708,177
3,0,6,0,2,1,1,26.975849000000004,0.634167,0.144283,732,3916,4648,178
3,0,6,0,3,1,1,26.231651,0.497917,0.261821,848,4377,5225,179
3,0,6,0,4,1,1,24.743349,0.434167,0.185312,1027,4488,5515,180
3,0,7,0,5,1,1,25.957500000000003,0.39625,0.102608,1246,4116,5362,181
3,0,7,0,6,0,1,26.701651,0.444583,0.115062,2204,2915,5119,182
3,0,7,0,0,0,2,25.683349,0.6825,0.228858,2282,2367,4649,183
3,0,7,1,1,0,2,26.153349,0.637917,0.0814792,3065,2978,6043,184
3,0,7,0,2,1,1,27.093349,0.590417,0.126258,1031,3634,4665,185
3,0,7,0,3,1,1,25.84,0.743333,0.149883,784,3845,4629,186
3,0,7,0,4,1,1,27.25,0.65125,0.1592,754,3838,4592,187
3,0,7,0,5,1,2,25.330849,0.757917,0.225129,692,3348,4040,188
3,0,7,0,6,0,1,26.466651,0.609167,0.167912,1988,3348,5336,189
3,0,7,0,0,0,1,27.1325,0.578333,0.183471,1743,3138,4881,190
3,0,7,0,1,1,1,27.8375,0.635833,0.282337,723,3363,4086,191
3,0,7,0,2,1,1,29.325849,0.559167,0.200254,662,3596,4258,192
3,0,7,0,3,1,1,27.093349,0.631667,0.146133,748,3594,4342,193
3,0,7,0,4,1,1,23.999151,0.47625,0.240667,888,4196,5084,194
3,0,7,0,5,1,1,23.176651,0.59125,0.182833,1318,4220,5538,195
3,0,7,0,6,0,1,24.273349000000003,0.585,0.208342,2418,3505,5923,196
3,0,7,0,0,0,1,25.800849,0.604167,0.245033,2006,3296,5302,197
3,0,7,0,1,1,1,27.093349,0.65125,0.215804,841,3617,4458,198
3,0,7,0,2,1,1,28.503349,0.650417,0.1306,752,3789,4541,199
3,0,7,0,3,1,1,28.111651,0.707083,0.113817,644,3688,4332,200
3,0,7,0,4,1,2,30.305,0.69125,0.222021,632,3152,3784,201
3,0,7,0,5,1,1,31.871651,0.580417,0.1331,562,2825,3387,202
3,0,7,0,6,0,1,31.910849,0.5,0.131221,987,2298,3285,203
3,0,7,0,0,0,1,31.01,0.550833,0.169171,1050,2556,3606,204
3,0,7,0,1,1,1,26.936651,0.757083,0.0908083,568,3272,3840,205
3,0,7,0,2,1,1,28.268349,0.540833,0.200258,750,3840,4590,206
3,0,7,0,3,1,1,28.425000000000004,0.402917,0.183463,755,3901,4656,207
3,0,7,0,4,1,1,28.620849,0.583333,0.178479,606,3784,4390,208
3,0,7,0,5,1,1,31.401651,0.5425,0.174138,670,3176,3846,209
3,0,7,0,6,0,1,29.795849,0.465833,0.168537,1559,2916,4475,210
3,0,7,0,0,0,1,29.874151,0.480833,0.164813,1524,2778,4302,211
3,0,8,0,1,1,1,28.268349,0.550833,0.156717,729,3537,4266,212
3,0,8,0,2,1,1,28.816651,0.49125,0.20585,801,4044,4845,213
3,0,8,0,3,1,2,26.388349,0.6575,0.135583,467,3107,3574,214
3,0,8,0,4,1,2,25.37,0.7575,0.19715,799,3777,4576,215
3,0,8,0,5,1,1,25.409151,0.630833,0.184696,1023,3843,4866,216
3,0,8,0,6,0,2,25.683349,0.755,0.22825,1521,2773,4294,217
3,0,8,0,0,0,1,26.8975,0.752917,0.201487,1298,2487,3785,218
3,0,8,0,1,1,1,27.955,0.592083,0.192175,846,3480,4326,219
3,0,8,0,2,1,1,28.425000000000004,0.570417,0.151121,907,3695,4602,220
3,0,8,0,3,1,1,28.033349,0.424167,0.200258,884,3896,4780,221
3,0,8,0,4,1,1,25.722500000000004,0.42375,0.164796,812,3980,4792,222
3,0,8,0,5,1,1,25.291651,0.415,0.125621,1051,3854,4905,223
3,0,8,0,6,0,2,24.234151000000004,0.729583,0.211454,1504,2646,4150,224
3,0,8,0,0,0,2,23.803349,0.8175,0.222633,1338,2482,3820,225
3,0,8,0,1,1,1,23.294151,0.712083,0.208954,775,3563,4338,226
3,0,8,0,2,1,1,24.939151000000003,0.578333,0.236329,721,4004,4725,227
3,0,8,0,3,1,1,25.996651,0.575417,0.143667,668,4026,4694,228
3,0,8,0,4,1,1,25.448349,0.654583,0.233208,639,3166,3805,229
3,0,8,0,5,1,2,24.195,0.722917,0.139308,797,3356,4153,230
3,0,8,0,6,0,1,24.7825,0.674167,0.104467,1914,3277,5191,231
3,0,8,0,0,0,1,25.409151,0.77,0.248754,1249,2624,3873,232
3,0,8,0,1,1,1,24.508349000000003,0.47,0.27675,833,3925,4758,233
3,0,8,0,2,1,1,22.119151,0.455417,0.146763,1281,4614,5895,234
3,0,8,0,3,1,1,23.646651,0.605,0.253108,949,4181,5130,235
3,0,8,0,4,1,2,24.155849,0.771667,0.210833,435,3107,3542,236
3,0,8,0,5,1,1,24.9,0.76125,0.0839625,768,3893,4661,237
3,0,8,0,6,0,2,23.96,0.85,0.375617,226,889,1115,238
3,0,8,0,0,0,1,25.231773,0.561765,0.304659,1415,2919,4334,239
3,0,8,0,1,1,1,21.923349,0.554583,0.159825,729,3905,4634,240
3,0,8,0,2,1,1,22.040849,0.548333,0.125008,775,4429,5204,241
3,0,8,0,3,1,1,22.863349,0.597917,0.0833333,688,4370,5058,242
3,0,9,0,4,1,1,22.785,0.639167,0.141796,783,4332,5115,243
3,0,9,0,5,1,2,22.236651,0.727083,0.139929,875,3852,4727,244
3,0,9,0,6,0,1,23.450849,0.716667,0.185325,1935,2549,4484,245
3,0,9,0,0,0,1,25.330849,0.742083,0.206467,2521,2419,4940,246
3,0,9,1,1,0,2,23.646651,0.790417,0.212696,1236,2115,3351,247
3,0,9,0,2,1,3,17.380000000000003,0.886957,0.343943,204,2506,2710,248
3,0,9,0,3,1,3,20.160849,0.917083,0.0970208,118,1878,1996,249
3,0,9,0,4,1,3,21.793911,0.939565,0.192748,153,1689,1842,250
3,0,9,0,5,1,2,22.55,0.897917,0.124379,417,3127,3544,251
3,0,9,0,6,0,1,23.020000000000003,0.75375,0.153608,1750,3595,5345,252
3,0,9,0,0,0,1,22.706651,0.71375,0.115054,1633,3413,5046,253
3,0,9,0,1,1,1,22.284356,0.692174,0.088913,690,4023,4713,254
3,0,9,0,2,1,1,22.589151,0.7125,0.141804,701,4062,4763,255
3,0,9,0,3,1,1,23.646651,0.697083,0.1673,647,4138,4785,256
3,0,9,0,4,1,2,19.1425,0.709167,0.271146,428,3231,3659,257
3,0,9,0,5,1,2,14.050849,0.590417,0.164183,742,4018,4760,258
3,0,9,0,6,0,2,15.108349,0.718333,0.189675,1434,3077,4511,259
3,0,9,0,0,0,1,15.8525,0.695,0.178483,1353,2921,4274,260
3,0,9,0,1,1,2,17.810848999999997,0.69,0.151742,691,3848,4539,261
3,0,9,0,2,1,2,18.398349,0.88125,0.134954,438,3203,3641,262
3,0,9,0,3,1,2,19.965,0.9,0.0964042,539,3813,4352,263
3,0,9,0,4,1,2,21.531651,0.902083,0.128125,555,4240,4795,264
4,0,9,0,5,1,2,20.630849,0.9725,0.0783667,258,2137,2395,265
4,0,9,0,6,0,2,20.513349,0.8625,0.0783833,1776,3647,5423,266
4,0,9,0,0,0,2,21.805849,0.845,0.0503792,1544,3466,5010,267
4,0,9,0,1,1,2,22.510849000000004,0.848333,0.1107,684,3946,4630,268
4,0,9,0,2,1,2,21.923349,0.885417,0.118171,477,3643,4120,269
4,0,9,0,3,1,2,21.845,0.84875,0.148629,480,3427,3907,270
4,0,9,0,4,1,1,20.983349,0.699167,0.172883,653,4186,4839,271
4,0,9,0,5,1,1,18.515849,0.6475,0.206475,830,4372,5202,272
4,0,10,0,6,0,2,11.27,0.75375,0.292296,480,1949,2429,273
4,0,10,0,0,0,2,8.763349000000002,0.791667,0.222013,616,2302,2918,274
4,0,10,0,1,1,2,10.055848999999998,0.760833,0.0833458,330,3240,3570,275
4,0,10,0,2,1,1,14.755849,0.71,0.205854,486,3970,4456,276
4,0,10,0,3,1,1,17.301650999999996,0.647917,0.17725,559,4267,4826,277
4,0,10,0,4,1,1,15.225849,0.620833,0.134954,639,4126,4765,278
4,0,10,0,5,1,1,16.009151,0.684167,0.0223917,949,4036,4985,279
4,0,10,0,6,0,1,16.518349,0.70125,0.0454042,2235,3174,5409,280
4,0,10,0,0,0,1,17.419151,0.7275,0.06345,2397,3114,5511,281
4,0,10,1,1,0,1,18.829151000000003,0.73375,0.0423042,1514,3603,5117,282
4,0,10,0,2,1,2,18.633349000000003,0.80875,0.143042,667,3896,4563,283
4,0,10,0,3,1,3,17.536651,0.90625,0.24815,217,2199,2416,284
4,0,10,0,4,1,2,19.690849,0.896667,0.141787,290,2623,2913,285
4,0,10,0,5,1,2,17.889151000000002,0.71625,0.223883,529,3115,3644,286
4,0,10,0,6,0,1,15.813349,0.483333,0.258083,1899,3318,5217,287
4,0,10,0,0,0,1,16.048348999999998,0.486667,0.281717,1748,3293,5041,288
4,0,10,0,1,1,1,17.105849,0.579583,0.175379,713,3857,4570,289
4,0,10,0,2,1,2,17.0275,0.701667,0.110087,637,4111,4748,290
4,0,10,0,3,1,3,17.461733,0.895217,0.243339,254,2170,2424,291
4,0,10,0,4,1,1,14.364151,0.63625,0.422275,471,3724,4195,292
4,0,10,0,5,1,1,12.0925,0.574167,0.221396,676,3628,4304,293
4,0,10,0,6,0,1,11.857499999999998,0.629167,0.0926667,1499,2809,4308,294
4,0,10,0,0,0,1,11.818349,0.74125,0.0995125,1619,2762,4381,295
4,0,10,0,1,1,1,13.776651,0.772083,0.118792,699,3488,4187,296
4,0,10,0,2,1,1,14.168349,0.622917,0.166658,695,3992,4687,297
4,0,10,0,3,1,2,14.755849,0.720417,0.148642,404,3490,3894,298
4,0,10,0,4,1,2,14.09,0.812917,0.197763,240,2419,2659,299
4,0,10,0,5,1,2,7.549151,0.585833,0.229479,456,3291,3747,300
4,0,10,0,6,0,3,3.945848999999999,0.8825,0.351371,57,570,627,301
4,0,10,0,0,0,1,7.000848999999999,0.62375,0.176617,885,2446,3331,302
4,0,10,0,1,1,1,7.98,0.703333,0.10635,362,3307,3669,303
4,0,11,0,2,1,1,10.839151,0.68375,0.135571,410,3658,4068,304
4,0,11,0,3,1,1,9.7425,0.71875,0.0820917,370,3816,4186,305
4,0,11,0,4,1,1,11.191651,0.702083,0.136817,318,3656,3974,306
4,0,11,0,5,1,2,10.956651,0.6225,0.271779,470,3576,4046,307
4,0,11,0,6,0,1,7.353349,0.519167,0.189062,1156,2770,3926,308
4,0,11,0,0,0,1,8.371651,0.734583,0.0920542,952,2697,3649,309
4,0,11,0,1,1,1,10.565,0.75875,0.057225,373,3662,4035,310
4,0,11,0,2,1,1,11.191651,0.721667,0.0690375,376,3829,4205,311
4,0,11,0,3,1,1,10.8,0.758333,0.0621958,305,3804,4109,312
4,0,11,0,4,1,2,9.86,0.813333,0.189067,190,2743,2933,313
4,0,11,1,5,0,1,7.235849,0.44625,0.314675,440,2928,3368,314
4,0,11,0,6,0,1,8.763349000000002,0.552917,0.212062,1275,2792,4067,315
4,0,11,0,0,0,1,12.719151,0.458333,0.281721,1004,2713,3717,316
4,0,11,0,1,1,1,16.91,0.587083,0.306596,595,3891,4486,317
4,0,11,0,2,1,2,16.91,0.68875,0.199633,449,3746,4195,318
4,0,11,0,3,1,3,13.463349,0.93,0.136829,145,1672,1817,319
4,0,11,0,4,1,2,8.058349,0.575833,0.305362,139,2914,3053,320
4,0,11,0,5,1,1,4.885849,0.41,0.168533,245,3147,3392,321
4,0,11,0,6,0,1,7.470848999999999,0.502083,0.224496,943,2720,3663,322
4,0,11,0,0,0,2,13.776651,0.684583,0.18595,787,2733,3520,323
4,0,11,0,1,1,3,13.0325,0.91,0.138054,220,2545,2765,324
4,0,11,0,2,1,3,11.583349000000002,0.9625,0.118792,69,1538,1607,325
4,0,11,0,3,1,2,12.719151,0.757917,0.335825,112,2454,2566,326
4,0,11,1,4,0,1,9.546651,0.549167,0.167304,560,935,1495,327
4,0,11,0,5,1,1,9.625,0.64375,0.0988958,1095,1697,2792,328
4,0,11,0,6,0,1,9.664151,0.681667,0.0684208,1249,1819,3068,329
4,0,11,0,0,0,1,13.580849,0.698333,0.208954,810,2261,3071,330
4,0,11,0,1,1,1,15.663466,0.743043,0.142122,253,3614,3867,331
4,0,11,0,2,1,2,13.541650999999998,0.830833,0.258092,96,2818,2914,332
4,0,11,0,3,1,1,7.275,0.613333,0.271158,188,3425,3613,333
4,0,12,0,4,1,1,6.6875,0.524583,0.220158,182,3545,3727,334
4,0,12,0,5,1,1,6.765848999999999,0.625833,0.100754,268,3672,3940,335
4,0,12,0,6,0,1,6.060849000000001,0.612917,0.0957833,706,2908,3614,336
4,0,12,0,0,0,1,7.549151,0.775833,0.0839583,634,2851,3485,337
4,0,12,0,1,1,2,10.134151,0.827083,0.0622083,233,3578,3811,338
4,0,12,0,2,1,3,13.7375,0.949583,0.232583,126,2468,2594,339
4,0,12,0,3,1,3,11.27,0.970417,0.266175,50,655,705,340
4,0,12,0,4,1,1,4.494150999999999,0.58,0.240058,150,3172,3322,341
4,0,12,0,5,1,1,5.669151000000001,0.695833,0.0827167,261,3359,3620,342
4,0,12,0,6,0,1,4.925000000000001,0.5075,0.233221,502,2688,3190,343
4,0,12,0,0,0,1,2.379151,0.49,0.0665417,377,2366,2743,344
4,0,12,0,1,1,1,3.201651,0.670833,0.06345,143,3167,3310,345
4,0,12,0,2,1,1,5.277499999999998,0.59,0.14055,155,3368,3523,346
4,0,12,0,3,1,2,6.922499999999999,0.66375,0.0609583,178,3562,3740,347
4,0,12,0,4,1,2,11.857499999999998,0.634167,0.268042,181,3528,3709,348
4,0,12,0,5,1,2,9.625,0.500417,0.260575,178,3399,3577,349
4,0,12,0,6,0,2,4.141651,0.560833,0.243167,275,2464,2739,350
4,0,12,0,0,0,1,3.201651,0.58625,0.169779,220,2211,2431,351
4,0,12,0,1,1,1,5.003349,0.6375,0.172896,260,3143,3403,352
4,0,12,0,2,1,2,10.134151,0.595417,0.0615708,216,3534,3750,353
1,0,12,0,3,1,2,12.131651000000002,0.858333,0.2214,107,2553,2660,354
1,0,12,0,4,1,2,11.896651000000002,0.7575,0.047275,227,2841,3068,355
1,0,12,0,5,1,1,9.546651,0.68625,0.274246,163,2046,2209,356
1,0,12,0,6,0,1,6.217499999999999,0.5425,0.190304,155,856,1011,357
1,0,12,0,0,0,1,4.914801000000001,0.681304,0.155091,303,451,754,358
1,0,12,1,1,0,1,7.121732999999999,0.506957,0.239465,430,887,1317,359
1,0,12,0,2,1,2,7.275,0.7625,0.18845,103,1059,1162,360
1,0,12,0,3,1,1,6.05911,0.503913,0.293961,255,2047,2302,361
1,0,12,0,4,1,1,3.6716510000000007,0.574167,0.119412,254,2169,2423,362
1,0,12,0,5,1,1,6.648349000000001,0.636667,0.134337,491,2508,2999,363
1,0,12,0,6,0,1,11.27,0.615833,0.220154,665,1820,2485,364
1,1,1,0,0,0,1,9.39,0.6925,0.192167,686,1608,2294,365
1,1,1,1,1,0,1,4.833020999999999,0.381304,0.329665,244,1707,1951,366
1,1,1,0,2,1,1,-0.9500000000000002,0.44125,0.365671,89,2147,2236,367
1,1,1,0,3,1,2,-2.9475,0.414583,0.1847,95,2273,2368,368
1,1,1,0,4,1,1,4.494150999999999,0.524167,0.129987,140,3132,3272,369
1,1,1,0,5,1,1,7.705848999999999,0.542083,0.167908,307,3791,4098,370
1,1,1,0,6,0,1,10.486650999999998,0.531667,0.174758,1070,3451,4521,371
1,1,1,0,0,0,1,7.862500000000001,0.465,0.191542,599,2826,3425,372
1,1,1,0,1,1,2,2.5358490000000007,0.701667,0.0989,106,2270,2376,373
1,1,1,0,2,1,1,6.508712000000001,0.646522,0.187552,173,3425,3598,374
1,1,1,0,3,1,2,4.885849,0.8475,0.131221,92,2085,2177,375
1,1,1,0,4,1,2,9.9775,0.802917,0.180967,269,3828,4097,376
1,1,1,0,5,1,1,4.885849,0.5075,0.378108,174,3040,3214,377
1,1,1,0,6,0,1,0.4599999999999991,0.4575,0.187183,333,2160,2493,378
1,1,1,0,0,0,1,-0.1666509999999998,0.419167,0.251258,284,2027,2311,379
1,1,1,1,1,0,1,0.9299999999999996,0.5225,0.231358,217,2081,2298,380
1,1,1,0,2,1,2,9.533021000000002,0.716087,0.34913,127,2808,2935,381
1,1,1,0,3,1,1,6.2566510000000015,0.443333,0.415429,109,3267,3376,382
1,1,1,0,4,1,1,0.9299999999999996,0.4975,0.220158,130,3162,3292,383
1,1,1,0,5,1,2,2.2225,0.45,0.20275,115,3048,3163,384
1,1,1,0,6,0,2,0.1466509999999985,0.83125,0.222642,67,1234,1301,385
1,1,1,0,0,0,2,-0.3624999999999998,0.79625,0.199638,196,1781,1977,386
1,1,1,0,1,1,2,2.2616510000000005,0.91125,0.110708,145,2287,2432,387
1,1,1,0,2,1,1,8.0975,0.835833,0.123767,439,3900,4339,388
1,1,1,0,3,1,1,5.825849,0.64375,0.161071,467,3803,4270,389
1,1,1,0,4,1,2,8.058349,0.769583,0.0733958,244,3831,4075,390
1,1,1,0,5,1,2,11.974999999999998,0.74125,0.342667,269,3187,3456,391
1,1,1,0,6,0,1,6.844150999999998,0.543333,0.210829,775,3248,4023,392
1,1,1,0,0,0,1,5.277499999999998,0.31125,0.24005,558,2685,3243,393
1,1,1,0,1,1,1,4.650848999999999,0.400833,0.215792,126,3498,3624,394
1,1,1,0,2,1,1,10.330000000000002,0.416667,0.261817,324,4185,4509,395
1,1,2,0,3,1,1,14.050849,0.507917,0.189067,304,4275,4579,396
1,1,2,0,4,1,2,10.760849,0.672917,0.187187,190,3571,3761,397
1,1,2,0,5,1,1,6.726650999999999,0.526667,0.178496,310,3841,4151,398
1,1,2,0,6,0,2,4.415849,0.779583,0.121896,384,2448,2832,399
1,1,2,0,0,0,2,4.494150999999999,0.687917,0.175996,318,2629,2947,400
1,1,2,0,1,1,1,5.282622999999999,0.622174,0.1538,206,3578,3784,401
1,1,2,0,2,1,1,8.645849000000002,0.49625,0.147379,199,4176,4375,402
1,1,2,0,3,1,2,4.063348999999999,0.722917,0.133721,109,2693,2802,403
1,1,2,0,4,1,1,4.455,0.562083,0.194037,163,3667,3830,404
1,1,2,0,5,1,2,5.1991510000000005,0.54,0.116929,227,3604,3831,405
1,1,2,0,6,0,3,2.5358490000000007,0.73125,0.289796,192,1977,2169,406
1,1,2,0,0,0,1,-2.0075000000000003,0.464583,0.409212,73,1456,1529,407
1,1,2,0,1,1,1,2.4575,0.41125,0.167283,94,3328,3422,408
1,1,2,0,2,1,2,7.000848999999999,0.50875,0.141179,135,3787,3922,409
1,1,2,0,3,1,1,8.371651,0.53125,0.1816,141,4028,4169,410
1,1,2,0,4,1,2,6.883348999999999,0.752917,0.091425,74,2931,3005,411
1,1,2,0,5,1,1,8.136651,0.634583,0.205846,349,3805,4154,412
1,1,2,0,6,0,1,8.293349,0.534583,0.190929,1435,2883,4318,413
1,1,2,0,0,0,2,5.160000000000002,0.515833,0.253112,618,2071,2689,414
1,1,2,1,1,0,1,5.160000000000002,0.507826,0.229083,502,2627,3129,415
1,1,2,0,2,1,1,5.5278220000000005,0.594348,0.205717,163,3614,3777,416
1,1,2,0,3,1,1,10.604150999999998,0.567917,0.234471,394,4379,4773,417
1,1,2,0,4,1,1,13.345849,0.554583,0.190913,516,4546,5062,418
1,1,2,0,5,1,2,11.1525,0.7375,0.237567,246,3241,3487,419
1,1,2,0,6,0,1,5.669151000000001,0.395833,0.421642,317,2415,2732,420
1,1,2,0,0,0,1,5.120849,0.41,0.205229,515,2874,3389,421
1,1,2,0,1,1,1,9.233349,0.490833,0.268033,253,4069,4322,422
1,1,2,0,2,1,1,8.880849000000001,0.395833,0.193417,229,4134,4363,423
1,1,2,0,3,1,2,8.184356000000001,0.804783,0.179117,65,1769,1834,424
1,1,3,0,4,1,1,14.834151000000002,0.615417,0.226987,325,4665,4990,425
1,1,3,0,5,1,2,8.606651,0.657083,0.144904,246,2948,3194,426
1,1,3,0,6,0,2,11.465849,0.62125,0.161079,956,3110,4066,427
1,1,3,0,0,0,1,7.314150999999999,0.403333,0.334571,710,2713,3423,428
1,1,3,0,1,1,1,3.4366509999999995,0.50625,0.228858,203,3130,3333,429
1,1,3,0,2,1,1,4.141651,0.456667,0.200875,221,3735,3956,430
1,1,3,0,3,1,1,10.995849,0.513333,0.345779,432,4484,4916,431
1,1,3,0,4,1,1,16.792499999999997,0.5675,0.441563,486,4896,5382,432
1,1,3,0,5,1,2,11.309151,0.407083,0.4148,447,4122,4569,433
1,1,3,0,6,0,1,5.512499999999999,0.350417,0.22575,968,3150,4118,434
1,1,3,0,0,0,1,9.001732999999998,0.476957,0.222587,1658,3253,4911,435
1,1,3,0,1,1,1,13.933349,0.489167,0.207713,838,4460,5298,436
1,1,3,0,2,1,1,18.555,0.6175,0.23695,762,5085,5847,437
1,1,3,0,3,1,1,18.9075,0.507083,0.115062,997,5315,6312,438
1,1,3,0,4,1,1,18.2025,0.579583,0.149883,1005,5187,6192,439
1,1,3,0,5,1,2,12.484151,0.842083,0.113192,548,3830,4378,440
1,1,3,0,6,0,2,16.165849,0.755833,0.110704,3155,4681,7836,441
1,1,3,0,0,0,2,14.2075,0.81,0.126883,2207,3685,5892,442
1,1,3,0,1,1,1,17.615000000000002,0.72875,0.162317,982,5171,6153,443
1,1,3,0,2,1,1,18.359151,0.807917,0.121271,1051,5042,6093,444
2,1,3,0,3,1,2,16.988349,0.82125,0.0895583,1122,5108,6230,445
2,1,3,0,4,1,1,18.045849,0.83125,0.117562,1334,5537,6871,446
2,1,3,0,5,1,2,20.278349,0.694167,0.1163,2469,5893,8362,447
2,1,3,0,6,0,2,15.617499999999996,0.885417,0.192783,1033,2339,3372,448
2,1,3,0,0,0,2,12.5625,0.880833,0.220775,1532,3464,4996,449
2,1,3,0,1,1,1,12.954151,0.477917,0.386821,795,4763,5558,450
2,1,3,0,2,1,1,7.196650999999999,0.29,0.187192,531,4571,5102,451
2,1,3,0,3,1,1,14.755849,0.48125,0.291671,674,5024,5698,452
2,1,3,0,4,1,1,15.225849,0.439167,0.31965,834,5299,6133,453
2,1,3,0,5,1,2,9.39,0.580833,0.138067,796,4663,5459,454
2,1,3,0,6,0,2,11.935849,0.738333,0.250617,2301,3934,6235,455
2,1,4,0,0,0,2,12.014151000000002,0.67625,0.172267,2347,3694,6041,456
2,1,4,0,1,1,1,12.393911,0.504348,0.312139,1208,4728,5936,457
2,1,4,0,2,1,1,13.933349,0.396667,0.100133,1348,5424,6772,458
2,1,4,0,3,1,1,17.458349000000002,0.469583,0.180975,1058,5378,6436,459
2,1,4,0,4,1,1,12.445,0.374167,0.219529,1192,5265,6457,460
2,1,4,0,5,1,1,10.956651,0.377083,0.300388,1807,4653,6460,461
2,1,4,0,6,0,1,12.5625,0.254167,0.274871,3252,3605,6857,462
2,1,4,0,0,0,1,15.5,0.275833,0.232596,2230,2939,5169,463
2,1,4,0,1,1,1,14.990849,0.3175,0.358196,905,4680,5585,464
2,1,4,0,2,1,1,12.993348999999998,0.435,0.249375,819,5099,5918,465
2,1,4,0,3,1,1,8.388712000000002,0.469565,0.295274,482,4380,4862,466
2,1,4,0,4,1,1,10.6825,0.46625,0.290429,663,4746,5409,467
2,1,4,0,5,1,1,12.7975,0.408333,0.155471,1252,5146,6398,468
2,1,4,0,6,0,1,15.265,0.502917,0.190917,2795,4665,7460,469
2,1,4,0,0,0,1,20.513349,0.507917,0.225129,2846,4286,7132,470
2,1,4,1,1,0,1,23.215849,0.561667,0.284829,1198,5172,6370,471
2,1,4,0,2,1,1,20.591651,0.390417,0.273629,989,5702,6691,472
2,1,4,0,3,1,2,13.776651,0.569167,0.167912,347,4020,4367,473
2,1,4,0,4,1,1,15.421651,0.6125,0.0659292,846,5719,6565,474
2,1,4,0,5,1,1,16.753349,0.694583,0.149871,1340,5950,7290,475
2,1,4,0,6,0,1,18.79,0.682917,0.283587,2541,4083,6624,476
2,1,4,0,0,0,3,10.643349,0.835417,0.344546,120,907,1027,477
2,1,4,0,1,1,2,7.118348999999999,0.766667,0.303496,195,3019,3214,478
2,1,4,0,2,1,1,11.426651,0.454167,0.249383,518,5115,5633,479
2,1,4,0,3,1,1,14.403349,0.427917,0.118792,655,5541,6196,480
2,1,4,0,4,1,2,15.421651,0.756667,0.176625,475,4551,5026,481
2,1,4,0,5,1,1,13.5025,0.400833,0.347633,1014,5219,6233,482
2,1,4,0,6,0,2,9.703349,0.489583,0.129975,1120,3100,4220,483
2,1,4,0,0,0,1,13.541650999999998,0.587083,0.116908,2229,4075,6304,484
2,1,4,0,1,1,2,13.815849,0.57,0.171638,665,4907,5572,485
2,1,5,0,2,1,2,20.826651,0.659583,0.156096,653,5087,5740,486
2,1,5,0,3,1,1,18.515849,0.797083,0.138058,667,5502,6169,487
2,1,5,0,4,1,2,18.320000000000004,0.768333,0.133696,764,5657,6421,488
2,1,5,0,5,1,1,21.4925,0.735417,0.162938,1069,5227,6296,489
2,1,5,0,6,0,2,21.218349,0.756667,0.152992,2496,4387,6883,490
2,1,5,0,0,0,2,18.4375,0.74,0.149879,2135,4224,6359,491
2,1,5,0,1,1,2,17.2625,0.664167,0.230721,1008,5265,6273,492
2,1,5,0,2,1,2,19.338349,0.685833,0.296029,738,4990,5728,493
2,1,5,0,3,1,2,19.025,0.744167,0.216412,620,4097,4717,494
2,1,5,0,4,1,1,15.774151,0.552083,0.314063,1026,5546,6572,495
2,1,5,0,5,1,1,17.066650999999997,0.360417,0.236937,1319,5711,7030,496
2,1,5,0,6,0,1,18.515849,0.480417,0.123133,2622,4807,7429,497
2,1,5,0,0,0,1,20.7875,0.57625,0.225117,2172,3946,6118,498
2,1,5,0,1,1,2,18.946651,0.789583,0.212692,342,2501,2843,499
2,1,5,0,2,1,2,20.748349,0.794583,0.147392,625,4490,5115,500
2,1,5,0,3,1,1,21.923349,0.697917,0.122512,991,6433,7424,501
2,1,5,0,4,1,1,19.886651,0.52,0.229475,1242,6142,7384,502
2,1,5,0,5,1,1,18.515849,0.523333,0.136817,1521,6118,7639,503
2,1,5,0,6,0,1,20.2,0.45625,0.083975,3410,4884,8294,504
2,1,5,0,0,0,1,21.179151,0.530417,0.254367,2704,4425,7129,505
2,1,5,0,1,1,2,20.121651,0.81125,0.233204,630,3729,4359,506
2,1,5,0,2,1,2,20.905,0.765833,0.118167,819,5254,6073,507
2,1,5,0,3,1,2,21.218349,0.774583,0.102,766,4494,5260,508
2,1,5,0,4,1,1,22.785,0.716667,0.172896,1059,5711,6770,509
2,1,5,0,5,1,1,23.96,0.747083,0.14055,1417,5317,6734,510
2,1,5,0,6,0,1,24.5475,0.7325,0.198992,2855,3681,6536,511
2,1,5,0,0,0,1,24.43,0.697083,0.215171,3283,3308,6591,512
2,1,5,1,1,0,1,25.487500000000004,0.67625,0.196521,2557,3486,6043,513
2,1,5,0,2,1,1,25.957500000000003,0.684583,0.2954,880,4863,5743,514
2,1,5,0,3,1,2,22.863349,0.67,0.134329,745,6110,6855,515
2,1,5,0,4,1,1,23.96,0.492917,0.195279,1100,6238,7338,516
2,1,6,0,5,1,2,22.745849000000003,0.755417,0.237563,533,3594,4127,517
2,1,6,0,6,0,1,19.416651,0.549167,0.186562,2795,5325,8120,518
2,1,6,0,0,0,1,20.317500000000003,0.493333,0.184087,2494,5147,7641,519
2,1,6,0,1,1,1,20.082500000000003,0.487083,0.284833,1071,5927,6998,520
2,1,6,0,2,1,2,17.419151,0.613333,0.209575,968,6033,7001,521
2,1,6,0,3,1,1,18.045849,0.61125,0.077125,1027,6028,7055,522
2,1,6,0,4,1,1,20.317500000000003,0.567083,0.15735,1038,6456,7494,523
2,1,6,0,5,1,1,22.510849000000004,0.467917,0.175383,1488,6248,7736,524
2,1,6,0,6,0,1,25.409151,0.437083,0.144287,2708,4790,7498,525
2,1,6,0,0,0,1,26.153349,0.538333,0.133721,2224,4374,6598,526
2,1,6,0,1,1,2,25.879151,0.587917,0.207713,1017,5647,6664,527
2,1,6,0,2,1,2,22.706651,0.833333,0.214546,477,4495,4972,528
2,1,6,0,3,1,1,22.824151,0.582083,0.343279,1173,6248,7421,529
2,1,6,0,4,1,1,22.471651,0.569583,0.253733,1180,6183,7363,530
2,1,6,0,5,1,1,22.040849,0.589583,0.176617,1563,6102,7665,531
2,1,6,0,6,0,1,21.688349,0.504167,0.166667,2963,4739,7702,532
2,1,6,0,0,0,1,19.8475,0.59875,0.144904,2634,4344,6978,533
2,1,6,0,1,1,2,18.711651,0.777917,0.174746,653,4446,5099,534
2,1,6,0,2,1,1,24.351651,0.69,0.148017,968,5857,6825,535
2,1,6,0,3,1,1,28.7775,0.592083,0.113812,872,5339,6211,536
3,1,6,0,4,1,1,29.874151,0.567917,0.118787,778,5127,5905,537
3,1,6,0,5,1,1,28.5425,0.57375,0.182842,964,4859,5823,538
3,1,6,0,6,0,1,26.388349,0.534583,0.179721,2657,4801,7458,539
3,1,6,0,0,0,1,26.936651,0.479167,0.145525,2551,4340,6891,540
3,1,6,0,1,1,1,25.644151,0.504167,0.300383,1139,5640,6779,541
3,1,6,0,2,1,1,21.649151,0.373333,0.347642,1077,6365,7442,542
3,1,6,0,3,1,1,24.7825,0.36,0.271775,1077,6258,7335,543
3,1,6,0,4,1,1,27.210849000000003,0.4225,0.17165,921,5958,6879,544
3,1,6,0,5,1,1,31.205849,0.48875,0.165417,829,4634,5463,545
3,1,6,0,6,0,1,27.955,0.60125,0.161071,1455,4232,5687,546
3,1,7,0,0,0,1,30.344151000000004,0.51875,0.168529,1421,4110,5531,547
3,1,7,0,1,1,1,28.738349,0.447083,0.195267,904,5323,6227,548
3,1,7,0,2,1,1,28.699151,0.492083,0.126237,1052,5608,6660,549
3,1,7,1,3,0,1,29.090849,0.53875,0.13495,2562,4841,7403,550
3,1,7,0,4,1,1,30.8925,0.457917,0.194029,1405,4836,6241,551
3,1,7,0,5,1,1,30.931651,0.450833,0.146142,1366,4841,6207,552
3,1,7,0,6,0,1,32.498349,0.492083,0.163554,1448,3392,4840,553
3,1,7,0,0,0,1,30.6575,0.57375,0.125629,1203,3469,4672,554
3,1,7,0,1,1,2,25.409151,0.683333,0.180975,998,5571,6569,555
3,1,7,0,2,1,2,25.879151,0.6675,0.151737,954,5336,6290,556
3,1,7,0,3,1,1,25.683349,0.633333,0.151733,975,6289,7264,557
3,1,7,0,4,1,1,25.644151,0.529583,0.146775,1032,6414,7446,558
3,1,7,0,5,1,2,26.388349,0.485833,0.08085,1511,5988,7499,559
3,1,7,0,6,0,2,25.056651,0.699167,0.143679,2355,4614,6969,560
3,1,7,0,0,0,1,27.054151,0.717917,0.166667,1920,4111,6031,561
3,1,7,0,1,1,1,27.876651000000003,0.645,0.164187,1088,5742,6830,562
3,1,7,0,2,1,1,30.461651,0.505833,0.114429,921,5865,6786,563
3,1,7,0,3,1,1,29.286651,0.577083,0.137442,799,4914,5713,564
3,1,7,0,4,1,1,28.19,0.600417,0.165429,888,5703,6591,565
3,1,7,0,5,1,2,23.294151,0.844167,0.208967,747,5123,5870,566
3,1,7,0,6,0,3,20.004151,0.865417,0.2133,1264,3195,4459,567
3,1,7,0,0,0,2,23.3725,0.7625,0.0939208,2544,4866,7410,568
3,1,7,0,1,1,1,26.858349,0.694167,0.138683,1135,5831,6966,569
3,1,7,0,2,1,1,27.289151,0.655,0.211454,1140,6452,7592,570
3,1,7,0,3,1,1,26.035849,0.45,0.1648,1383,6790,8173,571
3,1,7,0,4,1,1,28.503349,0.596667,0.284813,1036,5825,6861,572
3,1,7,0,5,1,1,28.738349,0.594583,0.152992,1259,5645,6904,573
3,1,7,0,6,0,1,27.524151,0.613333,0.15735,2234,4451,6685,574
3,1,7,0,0,0,1,25.918349,0.62375,0.170396,2153,4444,6597,575
3,1,7,0,1,1,1,26.349151,0.66875,0.153617,1040,6065,7105,576
3,1,7,0,2,1,1,25.526651,0.704167,0.165425,968,6248,7216,577
3,1,8,0,3,1,1,25.722500000000004,0.6775,0.141179,1074,6506,7580,578
3,1,8,0,4,1,1,27.3675,0.659583,0.129354,983,6278,7261,579
3,1,8,0,5,1,2,27.994151,0.6425,0.215792,1328,5847,7175,580
3,1,8,0,6,0,1,29.286651,0.613333,0.257458,2345,4479,6824,581
3,1,8,0,0,0,1,28.150849,0.6525,0.290421,1707,3757,5464,582
3,1,8,0,1,1,2,27.3675,0.654167,0.129354,1233,5780,7013,583
3,1,8,0,2,1,2,26.584151,0.70375,0.116908,1278,5995,7273,584
3,1,8,0,3,1,2,27.25,0.672917,0.1107,1263,6271,7534,585
3,1,8,0,4,1,1,27.524151,0.620417,0.1561,1196,6090,7286,586
3,1,8,0,5,1,2,25.644151,0.715833,0.238813,1065,4721,5786,587
3,1,8,0,6,0,2,24.5475,0.732917,0.206479,2247,4052,6299,588
3,1,8,0,0,0,1,24.939151000000003,0.530417,0.122512,2182,4362,6544,589
3,1,8,0,1,1,1,25.879151,0.545417,0.136212,1207,5676,6883,590
3,1,8,0,2,1,1,26.153349,0.686667,0.169158,1128,5656,6784,591
3,1,8,0,3,1,1,25.213349,0.619583,0.169771,1198,6149,7347,592
3,1,8,0,4,1,1,25.800849,0.519167,0.141796,1338,6267,7605,593
3,1,8,0,5,1,1,25.996651,0.570833,0.231354,1483,5665,7148,594
3,1,8,0,6,0,1,23.881651,0.603333,0.177867,2827,5038,7865,595
3,1,8,0,0,0,2,21.884151,0.711667,0.08645,1208,3341,4549,596
3,1,8,0,1,1,2,21.884151,0.734167,0.129979,1026,5504,6530,597
3,1,8,0,2,1,1,22.510849000000004,0.67375,0.0727708,1081,5925,7006,598
3,1,8,0,3,1,1,23.3725,0.677083,0.0702833,1094,6281,7375,599
3,1,8,0,4,1,1,24.704151000000003,0.635833,0.0845958,1363,6402,7765,600
3,1,8,0,5,1,2,25.0175,0.615,0.0721458,1325,6257,7582,601
3,1,8,0,6,0,2,23.098349,0.712917,0.244408,1829,4224,6053,602
3,1,8,0,0,0,2,22.706651,0.845833,0.228858,1483,3772,5255,603
3,1,8,0,1,1,1,25.056651,0.730417,0.128733,989,5928,6917,604
3,1,8,0,2,1,1,26.231651,0.62,0.190925,935,6105,7040,605
3,1,8,0,3,1,1,24.195,0.552083,0.112562,1177,6520,7697,606
3,1,8,0,4,1,1,25.213349,0.590417,0.0771167,1172,6541,7713,607
3,1,8,0,5,1,1,27.915849,0.5875,0.168533,1433,5917,7350,608
3,1,9,0,6,0,2,27.406651000000004,0.638333,0.113187,2352,3788,6140,609
3,1,9,0,0,0,2,24.743349,0.815,0.0640708,2613,3197,5810,610
3,1,9,1,1,0,1,25.2525,0.790833,0.151121,1965,4069,6034,611
3,1,9,0,2,1,1,26.114151,0.755,0.236321,867,5997,6864,612
3,1,9,0,3,1,1,26.623349,0.74125,0.187808,832,6280,7112,613
3,1,9,0,4,1,2,24.743349,0.810417,0.142421,611,5592,6203,614
3,1,9,0,5,1,1,25.056651,0.73625,0.171646,1045,6459,7504,615
3,1,9,0,6,0,2,22.980849,0.799167,0.281104,1557,4419,5976,616
3,1,9,0,0,0,1,20.67,0.5475,0.224496,2570,5657,8227,617
3,1,9,0,1,1,1,19.416651,0.50375,0.258713,1118,6407,7525,618
3,1,9,0,2,1,1,19.1425,0.52,0.0920542,1070,6697,7767,619
3,1,9,0,3,1,1,20.160849,0.577083,0.131846,1050,6820,7870,620
3,1,9,0,4,1,1,20.7875,0.637083,0.0827208,1054,6750,7804,621
3,1,9,0,5,1,1,21.766651000000003,0.6725,0.103863,1379,6630,8009,622
3,1,9,0,6,0,1,20.591651,0.501667,0.247521,3160,5554,8714,623
3,1,9,0,0,0,1,19.26,0.57,0.0901833,2166,5167,7333,624
3,1,9,0,1,1,2,19.299151,0.734583,0.151742,1022,5847,6869,625
3,1,9,0,2,1,2,21.296651,0.8725,0.357587,371,3702,4073,626
3,1,9,0,3,1,1,17.9675,0.536667,0.215175,788,6803,7591,627
3,1,9,0,4,1,1,17.693349,0.618333,0.118167,939,6781,7720,628
3,1,9,0,5,1,1,20.160849,0.66875,0.154229,1250,6917,8167,629
3,1,9,0,6,0,1,22.55,0.646667,0.283583,2512,5883,8395,630
4,1,9,0,0,0,1,16.870849000000003,0.467083,0.223258,2454,5453,7907,631
4,1,9,0,1,1,1,16.165849,0.492917,0.142404,1001,6435,7436,632
4,1,9,0,2,1,1,17.85,0.57,0.236321,845,6693,7538,633
4,1,9,0,3,1,1,21.845,0.630833,0.2444,787,6946,7733,634
4,1,9,0,4,1,2,22.55,0.690833,0.134342,751,6642,7393,635
4,1,9,0,5,1,2,21.100849,0.69,0.164179,1045,6370,7415,636
4,1,9,0,6,0,1,17.4975,0.542917,0.227604,2589,5966,8555,637
4,1,9,0,0,0,1,16.753349,0.583333,0.134958,2015,4874,6889,638
4,1,10,0,1,1,2,16.479150999999998,0.649167,0.0908042,763,6015,6778,639
4,1,10,0,2,1,3,19.769151,0.871667,0.104475,315,4324,4639,640
4,1,10,0,3,1,2,22.9025,0.79375,0.0665458,728,6844,7572,641
4,1,10,0,4,1,2,22.9025,0.722917,0.117546,891,6437,7328,642
4,1,10,0,5,1,1,20.905,0.6275,0.10635,1516,6640,8156,643
4,1,10,0,6,0,1,18.045849,0.664167,0.268025,3031,4934,7965,644
4,1,10,0,0,0,2,11.544151,0.708333,0.141162,781,2729,3510,645
4,1,10,1,1,0,2,10.016651,0.709583,0.189679,874,4604,5478,646
4,1,10,0,2,1,2,12.993348999999998,0.761667,0.1903,601,5791,6392,647
4,1,10,0,3,1,1,16.165849,0.630833,0.187821,780,6911,7691,648
4,1,10,0,4,1,1,12.445,0.463333,0.181596,834,6736,7570,649
4,1,10,0,5,1,1,12.5625,0.539167,0.235092,1060,6222,7282,650
4,1,10,0,6,0,1,10.486650999999998,0.494583,0.146142,2252,4857,7109,651
4,1,10,0,0,0,1,16.518349,0.640417,0.278612,2080,4559,6639,652
4,1,10,0,1,1,2,18.398349,0.7075,0.296037,760,5115,5875,653
4,1,10,0,2,1,1,14.011651,0.558333,0.182221,922,6612,7534,654
4,1,10,0,3,1,1,13.424150999999998,0.692917,0.101371,979,6482,7461,655
4,1,10,0,4,1,2,16.557499999999997,0.728333,0.236937,1008,6501,7509,656
4,1,10,0,5,1,2,18.476651,0.815,0.134954,753,4671,5424,657
4,1,10,0,6,0,1,14.755849,0.572917,0.117537,2806,5284,8090,658
4,1,10,0,0,0,1,13.815849,0.51,0.166054,2132,4692,6824,659
4,1,10,0,1,1,1,14.912499999999998,0.568333,0.0814833,830,6228,7058,660
4,1,10,0,2,1,1,17.575848999999998,0.641667,0.0945458,841,6625,7466,661
4,1,10,0,3,1,1,19.6125,0.63625,0.0727792,795,6898,7693,662
4,1,10,0,4,1,2,17.85,0.800417,0.124375,875,6484,7359,663
4,1,10,0,5,1,2,17.654151,0.807083,0.132467,1182,6262,7444,664
4,1,10,0,6,0,2,16.91,0.72,0.235692,2643,5209,7852,665
4,1,10,0,0,0,2,14.4425,0.694583,0.398008,998,3461,4459,666
4,1,10,0,1,1,3,12.68,0.88,0.3582,2,20,22,667
4,1,10,0,2,1,2,6.954554000000002,0.825455,0.213009,87,1009,1096,668
4,1,10,0,3,1,2,8.802499999999998,0.666667,0.166667,419,5147,5566,669
4,1,11,0,4,1,2,9.194151000000002,0.581667,0.157346,466,5520,5986,670
4,1,11,0,5,1,1,8.684999999999999,0.522083,0.266175,618,5229,5847,671
4,1,11,0,6,0,2,8.136651,0.49125,0.270529,1029,4109,5138,672
4,1,11,0,0,0,1,7.314150999999999,0.532917,0.179108,1201,3906,5107,673
4,1,11,0,1,1,1,7.000848999999999,0.494167,0.236325,378,4881,5259,674
4,1,11,0,2,1,1,5.1991510000000005,0.567083,0.173513,466,5220,5686,675
4,1,11,0,3,1,2,5.904151000000001,0.5475,0.304108,326,4709,5035,676
4,1,11,0,4,1,1,8.552177999999998,0.333478,0.347835,340,4975,5315,677
4,1,11,0,5,1,1,8.998349000000001,0.540833,0.214558,709,5283,5992,678
4,1,11,0,6,0,1,10.290848999999998,0.645417,0.0578458,2090,4446,6536,679
4,1,11,0,0,0,1,11.779151,0.659167,0.1275,2290,4562,6852,680
4,1,11,1,1,0,1,14.794999999999998,0.741667,0.173517,1097,5172,6269,681
4,1,11,0,2,1,2,8.136651,0.662917,0.342046,327,3767,4094,682
4,1,11,0,3,1,1,5.590849,0.552083,0.199625,373,5122,5495,683
4,1,11,0,4,1,2,7.118348999999999,0.620417,0.152987,320,5125,5445,684
4,1,11,0,5,1,1,8.215,0.524583,0.171025,484,5214,5698,685
4,1,11,0,6,0,1,7.275,0.545417,0.179729,1313,4316,5629,686
4,1,11,0,0,0,1,8.0975,0.692917,0.227612,922,3747,4669,687
4,1,11,0,1,1,2,9.899151,0.623333,0.235067,449,5050,5499,688
4,1,11,0,2,1,2,9.585849,0.685,0.082725,534,5100,5634,689
4,1,11,0,3,1,1,8.606651,0.61375,0.103246,615,4531,5146,690
4,1,11,1,4,0,1,7.98,0.580417,0.0528708,955,1470,2425,691
4,1,11,0,5,1,1,9.311651,0.56875,0.148021,1603,2307,3910,692
4,1,11,0,6,0,1,5.081650999999999,0.404583,0.376871,532,1745,2277,693
4,1,11,0,0,0,1,3.554150999999999,0.468333,0.1505,309,2115,2424,694
4,1,11,0,1,1,1,6.726650999999999,0.535417,0.04665,337,4750,5087,695
4,1,11,0,2,1,2,5.708349,0.786667,0.237562,123,3836,3959,696
4,1,11,0,3,1,1,5.943349000000001,0.50625,0.210821,198,5062,5260,697
4,1,11,0,4,1,1,5.200890000000001,0.555652,0.115522,243,5080,5323,698
4,1,11,0,5,1,1,6.021651,0.649583,0.0584708,362,5306,5668,699
4,1,12,0,6,0,2,6.021651,0.806667,0.0597042,951,4240,5191,700
4,1,12,0,0,0,2,8.3325,0.823333,0.124379,892,3757,4649,701
4,1,12,0,1,1,1,13.267500000000002,0.7675,0.0827208,555,5679,6234,702
4,1,12,0,2,1,1,14.364151,0.73375,0.174129,551,6055,6606,703
4,1,12,0,3,1,1,12.601651,0.485,0.324021,331,5398,5729,704
4,1,12,0,4,1,1,4.024151,0.50875,0.174754,340,5035,5375,705
4,1,12,0,5,1,2,7.079151,0.764167,0.1306,349,4659,5008,706
4,1,12,0,6,0,2,9.938349,0.91125,0.101379,1153,4429,5582,707
4,1,12,0,0,0,2,10.055848999999998,0.905417,0.157975,441,2787,3228,708
4,1,12,0,1,1,2,12.484151,0.925,0.190308,329,4841,5170,709
4,1,12,0,2,1,2,8.606651,0.596667,0.296037,282,5219,5501,710
4,1,12,0,3,1,2,5.9825,0.538333,0.162937,310,5009,5319,711
4,1,12,0,4,1,1,5.904151000000001,0.485833,0.174129,425,5107,5532,712
4,1,12,0,5,1,1,5.238349,0.642917,0.131229,429,5182,5611,713
4,1,12,0,6,0,1,7.235849,0.650417,0.10635,767,4280,5047,714
4,1,12,0,0,0,2,9.037499999999998,0.83875,0.100742,538,3248,3786,715
4,1,12,0,1,1,2,10.486650999999998,0.907083,0.0982583,212,4373,4585,716
4,1,12,0,2,1,1,11.309151,0.66625,0.221404,433,5124,5557,717
4,1,12,0,3,1,1,7.627500000000001,0.625417,0.184092,333,4934,5267,718
4,1,12,0,4,1,2,7.510000000000002,0.667917,0.132463,314,3814,4128,719
1,1,12,0,5,1,2,7.353349,0.556667,0.374383,221,3402,3623,720
1,1,12,0,6,0,1,4.494150999999999,0.44125,0.407346,205,1544,1749,721
1,1,12,0,0,0,1,3.554150999999999,0.515417,0.133083,408,1379,1787,722
1,1,12,0,1,1,2,2.871288,0.791304,0.0772304,174,746,920,723
1,1,12,1,2,0,2,5.691288,0.734783,0.168726,440,573,1013,724
1,1,12,0,3,1,3,3.4366509999999995,0.823333,0.316546,9,432,441,725
1,1,12,0,4,1,2,3.945848999999999,0.652917,0.350133,247,1867,2114,726
1,1,12,0,5,1,2,3.9066509999999983,0.59,0.155471,644,2451,3095,727
1,1,12,0,6,0,2,3.9066509999999983,0.752917,0.124383,159,1182,1341,728
1,1,12,0,0,0,1,4.024151,0.483333,0.350754,364,1432,1796,729
1,1,12,0,1,1,2,2.144150999999999,0.5775,0.154846,439,2290,2729,730
